[
  {
    "id": "start",
    "title": "Get a personalised career recommendation and plan",
    "type": "introduction",
    "conditions": false,
    "schema": {
      "section": "Your personalised pathway",
      "description": "In this questionnaire, we'll ask you about your current position, have you self-assess your skills and capabilities, and ask you about your interests and preferences."
    }
  },
  {
    "id": "current-role",
    "title": "Start by identifying your current role",
    "type": "question",
    "assessible": true,
    "schema": {
      "section": "Your current role",
      "help": "We will use this as a starting point – it does not have to be an exact match. ",
      "field": {
        "type": "role",
        "required": true
      }
    }
  },
  {
    "id": "sworn",
    "title": "In terms of career development, are you interested in Policing or Administrative roles?",
    "type": "question",
    "schema": {
      "section": "Work area",
      "help": "This makes sure we can highlight opportunities within your relevant duties.",
      "field": {
        "type": "radio",
        "required": true,
        "options": [
          {
            "title": "Policing",
            "value": "yes",
            "description": "(including Student Police Officers)"
          },
          {
            "title": "Administrative",
            "value": "no",
            "description": "(including Special Constables)"
          },
          {
            "title": "Either",
            "value": "either"
          }
        ]
      }
    }
  },
  {
    "id": "detective-roles",
    "title": "Are you interested in Detective roles?",
    "type": "question",
    "conditions": [
      {
        "id": "isDetective",
        "value": "no"
      },
      {
        "id": "isPolice",
        "value": "yes"
      }
    ],
    "schema": {
      "section": "Detective roles",
      "help": "Detective roles require successful completion of Designated Detective training. Your answer ensures we provide relevant opportunities inline with essential job requirements.",
      "helpExtra": "For full requirements around becoming a Designated Detective, please refer to the Detective Training Unit.",
      "field": {
        "type": "radio",
        "required": true,
        "options": [
          {
            "title": "Yes",
            "value": "yes"
          },
          {
            "title": "No",
            "value": "no"
          }
        ]
      }
    }
  },
  {
    "id": "goal",
    "title": "Do you have a specific role in mind that you'd like to move into?",
    "type": "question",
    "conditions": false,
    "schema": {
      "section": "Your goals",
      "help": "If you have a specific role or pathway in mind, let's explore how you can get there.",
      "field": {
        "type": "radio",
        "required": true,
        "options": [
          {
            "title": "Yes",
            "value": "yes"
          },
          {
            "title": "No",
            "value": "no"
          }
        ]
      }
    }
  },
  {
    "id": "goal-role",
    "title": "What role do you want to move into?",
    "type": "question",
    "conditions": [
      {
        "id": "goal",
        "value": "yes"
      }
    ],
    "schema": {
      "section": "Your goal role",
      "help": "We can explore how you might move into this role.",
      "field": {
        "type": "role",
        "required": true
      }
    }
  },
  {
    "id": "skills-and-capabilities",
    "title": "Let's assess your skills and capabilities",
    "type": "interstitial",
    "icon": "edit",
    "conditions": false,
    "schema": {
      "section": "Self assessment",
      "description": "In this section, you’ll assess yourself on the skills and capabilities required for your current role."
    },
    "steps": []
  },
  {
    "id": "interests",
    "title": "What other areas are you interested in?",
    "type": "question",
    "conditions": false,
    "schema": {
      "section": "Interests and Preferences",
      "help": "This helps us suggest roles within discipline areas that are interesting to you. You don't need to have any previous experience in these areas to be shown roles.",
      "field": {
        "type": "interests"
      }
    }
  },
  {
    "id": "management",
    "title": "Are you more interested in being an individual contributor or a supervisor/manager?",
    "type": "question",
    "schema": {
      "section": "Interests and Preferences",
      "help": "This makes sure we can highlight opportunities that match your preferred working style.",
      "field": {
        "type": "radio",
        "required": true,
        "options": [
          {
            "title": "Individual contributor",
            "value": "individual"
          },
          {
            "title": "Supervisor/Manager",
            "value": "manager"
          },
          {
            "title": "I'm not sure",
            "value": "either"
          }
        ]
      }
    }
  },
  {
    "id": "new-role",
    "title": "What matters to you when choosing a new role?",
    "type": "question",
    "schema": {
      "section": "Interests and Preferences",
      "help": "While we can’t yet link this directly with potential roles, this helps create an accurate profile and provides context for any career conversations.",
      "field": {
        "type": "checkbox",
        "required": false,
        "limit": 3,
        "options": [
          {
            "title": "Flexibility",
            "value": "Flexibility"
          },
          {
            "title": "Remuneration",
            "value": "Remuneration"
          },
          {
            "title": "Command",
            "value": "Command"
          },
          {
            "title": "Growth opportunities",
            "value": "Growth opportunities"
          },
          {
            "title": "Rank/Grade",
            "value": "Rank/Grade"
          },
          {
            "title": "Culture",
            "value": "Culture"
          },
          {
            "title": "Level of responsibility",
            "value": "Level of responsibility"
          },
          {
            "title": "Location",
            "value": "Location"
          },
          {
            "title": "Role type (Operational / Specialist / Corporate)",
            "value": "Role type (Operational / Specialist / Corporate)"
          }
        ]
      }
    }
  }
]
